"Path","SizeKB","Extension","LastWriteTime"
"DATA_DICTIONARY.md","210.52",".md","9/30/2026 2:56:06 PM"
"utils\pfmea_ui.py","177.24",".py","9/29/2026 8:58:18 AM"
"utils\model_part_store.py","166.1",".py","9/30/2026 2:56:06 PM"
"app_pages\yamazumi.py","145.93",".py","9/29/2026 8:58:18 AM"
"utils\assembly_store.py","140.05",".py","9/29/2026 8:58:18 AM"
"utils\yamazumi_store.py","129.09",".py","9/29/2026 8:58:18 AM"
"utils\pfmea_store.py","112.93",".py","9/29/2026 8:58:18 AM"
"utils\db_core.py","90.98",".py","9/29/2026 8:58:18 AM"
"app_pages\assemblies.py","80.97",".py","9/29/2026 8:58:18 AM"
"app_pages\functional_quality.py","80.61",".py","9/29/2026 8:58:18 AM"
"tests\test_page_smoke.py","78.41",".py","9/30/2026 2:56:06 PM"
"app_pages\process.py","73.9",".py","9/29/2026 8:58:18 AM"
"utils\quality_store.py","67.96",".py","9/29/2026 8:58:18 AM"
"app_pages\fishbone.py","67.58",".py","9/29/2026 8:58:18 AM"
"tests\test_pfmea_store.py","67.5",".py","9/29/2026 8:58:18 AM"
"utils\fishbone_store.py","66.5",".py","9/29/2026 8:58:18 AM"
"utils\control_plan_store.py","66.44",".py","9/29/2026 8:58:18 AM"
"tests\test_pfmea_page.py","65.1",".py","9/29/2026 8:58:18 AM"
"utils\equipment_store.py","60.95",".py","9/29/2026 8:58:18 AM"
"utils\process_store.py","57.8",".py","9/29/2026 8:58:18 AM"
"tests\test_ergonomics_store.py","57.78",".py","9/29/2026 8:58:18 AM"
"utils\equipment_ui.py","54.74",".py","9/29/2026 8:58:18 AM"
"utils\control_plan_ui.py","50.26",".py","9/29/2026 8:58:18 AM"
"tests\test_assembly_grid_store.py","43.75",".py","9/29/2026 8:58:18 AM"
"app_pages\models.py","42.13",".py","9/29/2026 8:58:18 AM"
"utils\pfmea_pattern_store.py","41.49",".py","9/29/2026 8:58:18 AM"
"app_pages\parts.py","41.06",".py","9/30/2026 2:56:06 PM"
"tests\test_control_plan_store.py","39.56",".py","9/29/2026 8:58:18 AM"
"utils\ergonomics_store.py","38.48",".py","9/29/2026 8:58:18 AM"
"DESIGN_SYSTEM.md","36.73",".md","9/30/2026 2:56:06 PM"
"PFMEA_CONTROL_PLAN.md","35.88",".md","9/29/2026 8:58:18 AM"
"tests\test_yamazumi_pitch_feeds.py","33.29",".py","9/29/2026 8:58:18 AM"
"tests\test_quality_page.py","32.41",".py","9/29/2026 8:58:18 AM"
"tests\test_quality_store.py","31.74",".py","9/29/2026 8:58:18 AM"
"PROJECT_STATUS.md","31.5",".md","9/30/2026 2:56:06 PM"
"utils\excel_io.py","30.63",".py","9/30/2026 2:56:06 PM"
"tests\test_pits_import_detection.py","29.31",".py","9/30/2026 2:56:06 PM"
"utils\project_store.py","29.2",".py","9/29/2026 8:58:18 AM"
"utils\project_transfer.py","24.56",".py","9/29/2026 8:58:18 AM"
"tests\test_section_deletion.py","24.17",".py","9/29/2026 8:58:18 AM"
"tests\test_control_plan_page.py","24.17",".py","9/29/2026 8:58:18 AM"
"app_pages\overview.py","23.84",".py","9/29/2026 8:58:18 AM"
"app_pages\functional_ergonomics.py","22.93",".py","9/29/2026 8:58:18 AM"
"tests\test_parts_catalog_fields.py","22.28",".py","9/30/2026 2:56:06 PM"
"utils\exchange_ui.py","21.19",".py","9/30/2026 2:56:06 PM"
"utils\yamazumi_board.py","20.99",".py","9/29/2026 8:58:18 AM"
"README.md","20.68",".md","9/30/2026 2:56:06 PM"
"app_pages\bom_tree.py","20.6",".py","9/29/2026 8:58:18 AM"
"utils\cad_tree.py","19.76",".py","9/29/2026 8:58:18 AM"
"tests\test_yamazumi_copy.py","19.26",".py","9/29/2026 8:58:18 AM"
"utils\assembly_grid.py","18.98",".py","9/29/2026 8:58:18 AM"
"utils\fishbone_visual.py","18.93",".py","9/29/2026 8:58:18 AM"
"utils\quality_help.py","18.88",".py","9/29/2026 8:58:18 AM"
"tests\test_assembly_catalog.py","17.33",".py","9/29/2026 8:58:18 AM"
"tests\test_equipment_store.py","16.14",".py","9/29/2026 8:58:18 AM"
"tests\test_work_element_op_ids.py","15.57",".py","9/29/2026 8:58:18 AM"
"utils\fishbone_ui.py","14.77",".py","9/29/2026 8:58:18 AM"
"PAAG_ROADMAP.md","14.12",".md","9/29/2026 8:58:18 AM"
"utils\control_plan_flow.py","14.08",".py","9/29/2026 8:58:18 AM"
"tests\test_model_tree.py","14.05",".py","9/29/2026 8:58:18 AM"
"utils\table_ui.py","13.92",".py","9/29/2026 8:58:18 AM"
"tests\test_ergonomics_page.py","12.87",".py","9/29/2026 8:58:18 AM"
"tests\test_pfmea_patterns.py","12.66",".py","9/29/2026 8:58:18 AM"
"tests\test_yamazumi_stack_order.py","12.29",".py","9/29/2026 8:58:18 AM"
"app_pages\exchange.py","12.04",".py","9/30/2026 2:56:06 PM"
"AGENTS.md","11.73",".md","9/29/2026 8:58:18 AM"
"tests\test_safety_store.py","11.58",".py","9/29/2026 8:58:18 AM"
"utils\safety_store.py","11.52",".py","9/29/2026 8:58:18 AM"
"tests\test_yamazumi_time_units.py","11.44",".py","9/29/2026 8:58:18 AM"
"app_pages\concerns.py","11.13",".py","9/29/2026 8:58:18 AM"
"tests\test_pits_bom_structure_import.py","10.27",".py","9/29/2026 8:58:18 AM"
"tests\test_yamazumi_naming.py","10.17",".py","9/29/2026 8:58:18 AM"
"app_pages\pin_map.py","9.85",".py","9/29/2026 8:58:18 AM"
"QUALITY_MODULE.md","9.78",".md","9/29/2026 8:58:18 AM"
"app_pages\functional_safety.py","9.29",".py","9/29/2026 8:58:18 AM"
"tests\test_table_ui.py","9.22",".py","9/29/2026 8:58:18 AM"
"utils\scope_ui.py","9.18",".py","9/29/2026 8:58:18 AM"
"streamlit_app.py","9.18",".py","9/30/2026 2:56:06 PM"
"tests\test_yamazumi_flag_retirement.py","8.97",".py","9/29/2026 8:58:18 AM"
"tests\test_process_pitch_visual.py","8.93",".py","9/29/2026 8:58:18 AM"
"tests\test_yamazumi_component.py","8.81",".py","9/29/2026 8:58:18 AM"
"tests\test_fishbone_ui.py","8.79",".py","9/29/2026 8:58:18 AM"
"tests\test_yamazumi_element_deletion.py","8.59",".py","9/29/2026 8:58:18 AM"
"utils\process_pitch_visual.py","8.29",".py","9/29/2026 8:58:18 AM"
"tests\test_yamazumi_gui_deletion.py","7.76",".py","9/29/2026 8:58:18 AM"
"tests\test_fishbone_quantities.py","7.41",".py","9/29/2026 8:58:18 AM"
"utils\table_filters.py","7.36",".py","9/29/2026 8:58:18 AM"
"tests\test_assembly_section_walk.py","7.07",".py","9/29/2026 8:58:18 AM"
"tests\test_quality_help.py","6.45",".py","9/29/2026 8:58:18 AM"
"ONBOARDING.md","6.35",".md","9/29/2026 8:58:18 AM"
"tests\test_yamazumi_settings.py","6.04",".py","9/29/2026 8:58:18 AM"
"tests\test_scope_ui.py","5.87",".py","9/29/2026 8:58:18 AM"
"app_pages\assembly_sequence.py","5.49",".py","9/29/2026 8:58:18 AM"
"tests\test_model_duplicates.py","5.15",".py","9/29/2026 8:58:18 AM"
"tests\test_fishbone_yamazumi_areas.py","5.12",".py","9/29/2026 8:58:18 AM"
"utils\clipboard_image.py","4.61",".py","9/29/2026 8:58:18 AM"
"utils\yamazumi_stack.py","4.03",".py","9/29/2026 8:58:18 AM"
"tests\test_store_facade.py","3.8",".py","9/29/2026 8:58:18 AM"
"utils\yamazumi_naming.py","3.53",".py","9/29/2026 8:58:18 AM"
"utils\yamazumi_order.py","3.44",".py","9/29/2026 8:58:18 AM"
"project-tree.txt","3.33",".txt","9/30/2026 2:58:53 PM"
"tests\test_yamazumi_pitch_order.py","3.23",".py","9/29/2026 8:58:18 AM"
"tests\test_scenarios.py","3.2",".py","9/29/2026 8:58:18 AM"
"tests\test_assembly_grid_component.py","3.19",".py","9/29/2026 8:58:18 AM"
"utils\functional_review_ui.py","2.99",".py","9/29/2026 8:58:18 AM"
"tests\test_equipment_pages.py","2.87",".py","9/29/2026 8:58:18 AM"
"tests\test_pin_map.py","2.31",".py","9/29/2026 8:58:18 AM"
"utils\store.py","1.92",".py","9/29/2026 8:58:18 AM"
"tests\test_time_units.py","1.87",".py","9/29/2026 8:58:18 AM"
"utils\time_units.py","1.71",".py","9/29/2026 8:58:18 AM"
"app_pages\functional_materials.py","1.4",".py","9/29/2026 8:58:18 AM"
"utils\component_payload.py","1.29",".py","9/29/2026 8:58:18 AM"
"Open_Questions.md","1.24",".md","9/29/2026 8:58:18 AM"
"app_pages\functional_equipment.py","1.02",".py","9/29/2026 8:58:18 AM"
"app_pages\pits_exchange.py","0.59",".py","9/30/2026 2:56:06 PM"
".streamlit\config.toml","0.2",".toml","9/29/2026 8:58:18 AM"
".gitignore","0.11",".gitignore","9/29/2026 8:58:18 AM"
"requirements.txt","0.07",".txt","9/29/2026 8:58:18 AM"
"utils\__init__.py","0",".py","9/29/2026 8:58:18 AM"
"project-file-inventory.csv","0",".csv","9/30/2026 2:59:18 PM"
